/olympics/olympic_sport/athletes./olympics/olympic_athlete_affiliation/olympics	0
/olympics/olympic_sport/athletes./olympics/olympic_athlete_affiliation/olympics_inv	1
/people/person/religion	2
/people/person/religion_inv	3
/award/award_winning_work/awards_won./award/award_honor/award	4
/award/award_winning_work/awards_won./award/award_honor/award_inv	5
/award/award_category/nominees./award/award_nomination/nominated_for	6
/award/award_category/nominees./award/award_nomination/nominated_for_inv	7
/location/location/time_zones	8
/location/location/time_zones_inv	9
/people/person/gender	10
/people/person/gender_inv	11
/organization/organization_member/member_of./organization/organization_membership/organization	12
/organization/organization_member/member_of./organization/organization_membership/organization_inv	13
/award/award_nominee/award_nominations./award/award_nomination/nominated_for	14
/award/award_nominee/award_nominations./award/award_nomination/nominated_for_inv	15
/location/hud_foreclosure_area/estimated_number_of_mortgages./measurement_unit/dated_integer/source	16
/location/hud_foreclosure_area/estimated_number_of_mortgages./measurement_unit/dated_integer/source_inv	17
/award/award_nominee/award_nominations./award/award_nomination/award_nominee	18
/award/award_nominee/award_nominations./award/award_nomination/award_nominee_inv	19
/award/award_winner/awards_won./award/award_honor/award_winner	20
/award/award_winner/awards_won./award/award_honor/award_winner_inv	21
/location/country/form_of_government	22
/location/country/form_of_government_inv	23
/film/film/written_by	24
/film/film/written_by_inv	25
/award/award_ceremony/awards_presented./award/award_honor/award_winner	26
/award/award_ceremony/awards_presented./award/award_honor/award_winner_inv	27
/film/actor/film./film/performance/film	28
/film/actor/film./film/performance/film_inv	29
/people/person/profession	30
/people/person/profession_inv	31
/education/educational_institution/students_graduates./education/education/student	32
/education/educational_institution/students_graduates./education/education/student_inv	33
/location/location/contains	34
/location/location/contains_inv	35
/tv/tv_producer/programs_produced./tv/tv_producer_term/producer_type	36
/tv/tv_producer/programs_produced./tv/tv_producer_term/producer_type_inv	37
/award/award_category/winners./award/award_honor/ceremony	38
/award/award_category/winners./award/award_honor/ceremony_inv	39
/people/person/nationality	40
/people/person/nationality_inv	41
/film/director/film	42
/film/director/film_inv	43
/film/film/estimated_budget./measurement_unit/dated_money_value/currency	44
/film/film/estimated_budget./measurement_unit/dated_money_value/currency_inv	45
/common/topic/webpage./common/webpage/category	46
/common/topic/webpage./common/webpage/category_inv	47
/people/person/spouse_s./people/marriage/type_of_union	48
/people/person/spouse_s./people/marriage/type_of_union_inv	49
/base/popstra/celebrity/canoodled./base/popstra/canoodled/participant	50
/base/popstra/celebrity/canoodled./base/popstra/canoodled/participant_inv	51
/business/job_title/people_with_this_title./business/employment_tenure/company	52
/business/job_title/people_with_this_title./business/employment_tenure/company_inv	53
/tv/tv_program/genre	54
/tv/tv_program/genre_inv	55
/organization/organization_founder/organizations_founded	56
/organization/organization_founder/organizations_founded_inv	57
/business/business_operation/industry	58
/business/business_operation/industry_inv	59
/time/event/locations	60
/time/event/locations_inv	61
/influence/influence_node/peers./influence/peer_relationship/peers	62
/influence/influence_node/peers./influence/peer_relationship/peers_inv	63
/film/film_distributor/films_distributed./film/film_film_distributor_relationship/film	64
/film/film_distributor/films_distributed./film/film_film_distributor_relationship/film_inv	65
/award/award_nominee/award_nominations./award/award_nomination/award	66
/award/award_nominee/award_nominations./award/award_nomination/award_inv	67
/base/schemastaging/organization_extra/phone_number./base/schemastaging/phone_sandbox/service_location	68
/base/schemastaging/organization_extra/phone_number./base/schemastaging/phone_sandbox/service_location_inv	69
/film/film_subject/films	70
/film/film_subject/films_inv	71
/film/film/release_date_s./film/film_regional_release_date/film_release_region	72
/film/film/release_date_s./film/film_regional_release_date/film_release_region_inv	73
/film/film/distributors./film/film_film_distributor_relationship/film_distribution_medium	74
/film/film/distributors./film/film_film_distributor_relationship/film_distribution_medium_inv	75
/people/deceased_person/place_of_burial	76
/people/deceased_person/place_of_burial_inv	77
/base/aareas/schema/administrative_area/administrative_parent	78
/base/aareas/schema/administrative_area/administrative_parent_inv	79
/base/schemastaging/person_extra/net_worth./measurement_unit/dated_money_value/currency	80
/base/schemastaging/person_extra/net_worth./measurement_unit/dated_money_value/currency_inv	81
/film/film/country	82
/film/film/country_inv	83
/film/film/produced_by	84
/film/film/produced_by_inv	85
/film/film/film_production_design_by	86
/film/film/film_production_design_by_inv	87
/base/culturalevent/event/entity_involved	88
/base/culturalevent/event/entity_involved_inv	89
/sports/sports_position/players./sports/sports_team_roster/team	90
/sports/sports_position/players./sports/sports_team_roster/team_inv	91
/music/genre/parent_genre	92
/music/genre/parent_genre_inv	93
/location/hud_county_place/place	94
/location/hud_county_place/place_inv	95
/education/educational_institution/colors	96
/education/educational_institution/colors_inv	97
/influence/influence_node/influenced_by	98
/influence/influence_node/influenced_by_inv	99
/base/popstra/celebrity/dated./base/popstra/dated/participant	100
/base/popstra/celebrity/dated./base/popstra/dated/participant_inv	101
/organization/organization/headquarters./location/mailing_address/state_province_region	102
/organization/organization/headquarters./location/mailing_address/state_province_region_inv	103
/olympics/olympic_games/participating_countries	104
/olympics/olympic_games/participating_countries_inv	105
/film/film/production_companies	106
/film/film/production_companies_inv	107
/education/educational_institution/school_type	108
/education/educational_institution/school_type_inv	109
/award/award_category/winners./award/award_honor/award_winner	110
/award/award_category/winners./award/award_honor/award_winner_inv	111
/music/instrument/instrumentalists	112
/music/instrument/instrumentalists_inv	113
/celebrities/celebrity/celebrity_friends./celebrities/friendship/friend	114
/celebrities/celebrity/celebrity_friends./celebrities/friendship/friend_inv	115
/tv/tv_program/program_creator	116
/tv/tv_program/program_creator_inv	117
/people/person/place_of_birth	118
/people/person/place_of_birth_inv	119
/sports/sports_team/sport	120
/sports/sports_team/sport_inv	121
/people/person/languages	122
/people/person/languages_inv	123
/location/statistical_region/gdp_nominal./measurement_unit/dated_money_value/currency	124
/location/statistical_region/gdp_nominal./measurement_unit/dated_money_value/currency_inv	125
/music/performance_role/regular_performances./music/group_membership/role	126
/music/performance_role/regular_performances./music/group_membership/role_inv	127
/award/hall_of_fame/inductees./award/hall_of_fame_induction/inductee	128
/award/hall_of_fame/inductees./award/hall_of_fame_induction/inductee_inv	129
/film/film/genre	130
/film/film/genre_inv	131
/education/educational_institution_campus/educational_institution	132
/education/educational_institution_campus/educational_institution_inv	133
/music/genre/artists	134
/music/genre/artists_inv	135
/government/politician/government_positions_held./government/government_position_held/jurisdiction_of_office	136
/government/politician/government_positions_held./government/government_position_held/jurisdiction_of_office_inv	137
/sports/professional_sports_team/draft_picks./sports/sports_league_draft_pick/draft	138
/sports/professional_sports_team/draft_picks./sports/sports_league_draft_pick/draft_inv	139
/people/person/places_lived./people/place_lived/location	140
/people/person/places_lived./people/place_lived/location_inv	141
/people/ethnicity/languages_spoken	142
/people/ethnicity/languages_spoken_inv	143
/media_common/netflix_genre/titles	144
/media_common/netflix_genre/titles_inv	145
/government/government_office_category/officeholders./government/government_position_held/jurisdiction_of_office	146
/government/government_office_category/officeholders./government/government_position_held/jurisdiction_of_office_inv	147
/language/human_language/countries_spoken_in	148
/language/human_language/countries_spoken_in_inv	149
/organization/organization/child./organization/organization_relationship/child	150
/organization/organization/child./organization/organization_relationship/child_inv	151
/music/artist/origin	152
/music/artist/origin_inv	153
/soccer/football_team/current_roster./soccer/football_roster_position/position	154
/soccer/football_team/current_roster./soccer/football_roster_position/position_inv	155
/film/film/language	156
/film/film/language_inv	157
/education/educational_degree/people_with_this_degree./education/education/institution	158
/education/educational_degree/people_with_this_degree./education/education/institution_inv	159
/film/film/release_date_s./film/film_regional_release_date/film_regional_debut_venue	160
/film/film/release_date_s./film/film_regional_release_date/film_regional_debut_venue_inv	161
/tv/tv_program/country_of_origin	162
/tv/tv_program/country_of_origin_inv	163
/people/cause_of_death/people	164
/people/cause_of_death/people_inv	165
/film/film/other_crew./film/film_crew_gig/film_crew_role	166
/film/film/other_crew./film/film_crew_gig/film_crew_role_inv	167
/base/popstra/celebrity/friendship./base/popstra/friendship/participant	168
/base/popstra/celebrity/friendship./base/popstra/friendship/participant_inv	169
/film/film_set_designer/film_sets_designed	170
/film/film_set_designer/film_sets_designed_inv	171
/film/film/music	172
/film/film/music_inv	173
/base/biblioness/bibs_location/country	174
/base/biblioness/bibs_location/country_inv	175
/organization/organization/headquarters./location/mailing_address/country	176
/organization/organization/headquarters./location/mailing_address/country_inv	177
/olympics/olympic_participating_country/athletes./olympics/olympic_athlete_affiliation/olympics	178
/olympics/olympic_participating_country/athletes./olympics/olympic_athlete_affiliation/olympics_inv	179
/sports/pro_athlete/teams./sports/sports_team_roster/team	180
/sports/pro_athlete/teams./sports/sports_team_roster/team_inv	181
/sports/sports_team/roster./american_football/football_historical_roster_position/position_s	182
/sports/sports_team/roster./american_football/football_historical_roster_position/position_s_inv	183
/sports/sports_team/roster./american_football/football_roster_position/position	184
/sports/sports_team/roster./american_football/football_roster_position/position_inv	185
/organization/organization/headquarters./location/mailing_address/citytown	186
/organization/organization/headquarters./location/mailing_address/citytown_inv	187
/tv/tv_program/languages	188
/tv/tv_program/languages_inv	189
/tv/tv_writer/tv_programs./tv/tv_program_writer_relationship/tv_program	190
/tv/tv_writer/tv_programs./tv/tv_program_writer_relationship/tv_program_inv	191
/tv/tv_program/regular_cast./tv/regular_tv_appearance/actor	192
/tv/tv_program/regular_cast./tv/regular_tv_appearance/actor_inv	193
/government/legislative_session/members./government/government_position_held/legislative_sessions	194
/government/legislative_session/members./government/government_position_held/legislative_sessions_inv	195
/film/film/runtime./film/film_cut/film_release_region	196
/film/film/runtime./film/film_cut/film_release_region_inv	197
/award/award_winning_work/awards_won./award/award_honor/award_winner	198
/award/award_winning_work/awards_won./award/award_honor/award_winner_inv	199
/film/film/prequel	200
/film/film/prequel_inv	201
/people/deceased_person/place_of_death	202
/people/deceased_person/place_of_death_inv	203
/people/ethnicity/geographic_distribution	204
/people/ethnicity/geographic_distribution_inv	205
/user/tsegaran/random/taxonomy_subject/entry./user/tsegaran/random/taxonomy_entry/taxonomy	206
/user/tsegaran/random/taxonomy_subject/entry./user/tsegaran/random/taxonomy_entry/taxonomy_inv	207
/location/country/official_language	208
/location/country/official_language_inv	209
/sports/sports_team_location/teams	210
/sports/sports_team_location/teams_inv	211
/location/statistical_region/rent50_2./measurement_unit/dated_money_value/currency	212
/location/statistical_region/rent50_2./measurement_unit/dated_money_value/currency_inv	213
/education/educational_degree/people_with_this_degree./education/education/major_field_of_study	214
/education/educational_degree/people_with_this_degree./education/education/major_field_of_study_inv	215
/film/film/featured_film_locations	216
/film/film/featured_film_locations_inv	217
/location/location/adjoin_s./location/adjoining_relationship/adjoins	218
/location/location/adjoin_s./location/adjoining_relationship/adjoins_inv	219
/organization/role/leaders./organization/leadership/organization	220
/organization/role/leaders./organization/leadership/organization_inv	221
/education/university/local_tuition./measurement_unit/dated_money_value/currency	222
/education/university/local_tuition./measurement_unit/dated_money_value/currency_inv	223
/music/artist/track_contributions./music/track_contribution/role	224
/music/artist/track_contributions./music/track_contribution/role_inv	225
/education/educational_institution/students_graduates./education/education/major_field_of_study	226
/education/educational_institution/students_graduates./education/education/major_field_of_study_inv	227
/military/military_conflict/combatants./military/military_combatant_group/combatants	228
/military/military_conflict/combatants./military/military_combatant_group/combatants_inv	229
/organization/endowed_organization/endowment./measurement_unit/dated_money_value/currency	230
/organization/endowed_organization/endowment./measurement_unit/dated_money_value/currency_inv	231
/music/record_label/artist	232
/music/record_label/artist_inv	233
/education/field_of_study/students_majoring./education/education/student	234
/education/field_of_study/students_majoring./education/education/student_inv	235
/olympics/olympic_sport/athletes./olympics/olympic_athlete_affiliation/country	236
/olympics/olympic_sport/athletes./olympics/olympic_athlete_affiliation/country_inv	237
/music/performance_role/regular_performances./music/group_membership/group	238
/music/performance_role/regular_performances./music/group_membership/group_inv	239
/location/location/partially_contains	240
/location/location/partially_contains_inv	241
/film/film/cinematography	242
/film/film/cinematography_inv	243
/film/film/release_date_s./film/film_regional_release_date/film_release_distribution_medium	244
/film/film/release_date_s./film/film_regional_release_date/film_release_distribution_medium_inv	245
/business/business_operation/assets./measurement_unit/dated_money_value/currency	246
/business/business_operation/assets./measurement_unit/dated_money_value/currency_inv	247
/military/military_combatant/military_conflicts./military/military_combatant_group/combatants	248
/military/military_combatant/military_conflicts./military/military_combatant_group/combatants_inv	249
/government/politician/government_positions_held./government/government_position_held/basic_title	250
/government/politician/government_positions_held./government/government_position_held/basic_title_inv	251
/award/award_category/category_of	252
/award/award_category/category_of_inv	253
/music/instrument/family	254
/music/instrument/family_inv	255
/location/administrative_division/first_level_division_of	256
/location/administrative_division/first_level_division_of_inv	257
/people/ethnicity/people	258
/people/ethnicity/people_inv	259
/organization/non_profit_organization/registered_with./organization/non_profit_registration/registering_agency	260
/organization/non_profit_organization/registered_with./organization/non_profit_registration/registering_agency_inv	261
/tv/non_character_role/tv_regular_personal_appearances./tv/tv_regular_personal_appearance/person	262
/tv/non_character_role/tv_regular_personal_appearances./tv/tv_regular_personal_appearance/person_inv	263
/base/localfood/seasonal_month/produce_available./base/localfood/produce_availability/seasonal_months	264
/base/localfood/seasonal_month/produce_available./base/localfood/produce_availability/seasonal_months_inv	265
/film/film/film_art_direction_by	266
/film/film/film_art_direction_by_inv	267
/medicine/symptom/symptom_of	268
/medicine/symptom/symptom_of_inv	269
/education/field_of_study/students_majoring./education/education/major_field_of_study	270
/education/field_of_study/students_majoring./education/education/major_field_of_study_inv	271
/medicine/disease/risk_factors	272
/medicine/disease/risk_factors_inv	273
/base/petbreeds/city_with_dogs/top_breeds./base/petbreeds/dog_city_relationship/dog_breed	274
/base/petbreeds/city_with_dogs/top_breeds./base/petbreeds/dog_city_relationship/dog_breed_inv	275
/award/award_nominated_work/award_nominations./award/award_nomination/nominated_for	276
/award/award_nominated_work/award_nominations./award/award_nomination/nominated_for_inv	277
/celebrities/celebrity/sexual_relationships./celebrities/romantic_relationship/celebrity	278
/celebrities/celebrity/sexual_relationships./celebrities/romantic_relationship/celebrity_inv	279
/sports/sports_league_draft/picks./sports/sports_league_draft_pick/school	280
/sports/sports_league_draft/picks./sports/sports_league_draft_pick/school_inv	281
/award/award_category/disciplines_or_subjects	282
/award/award_category/disciplines_or_subjects_inv	283
/film/film/story_by	284
/film/film/story_by_inv	285
/education/educational_institution/campuses	286
/education/educational_institution/campuses_inv	287
/business/business_operation/operating_income./measurement_unit/dated_money_value/currency	288
/business/business_operation/operating_income./measurement_unit/dated_money_value/currency_inv	289
/location/statistical_region/gni_per_capita_in_ppp_dollars./measurement_unit/dated_money_value/currency	290
/location/statistical_region/gni_per_capita_in_ppp_dollars./measurement_unit/dated_money_value/currency_inv	291
/sports/sports_team/roster./basketball/basketball_roster_position/position	292
/sports/sports_team/roster./basketball/basketball_roster_position/position_inv	293
/film/film/costume_design_by	294
/film/film/costume_design_by_inv	295
/soccer/football_team/current_roster./sports/sports_team_roster/position	296
/soccer/football_team/current_roster./sports/sports_team_roster/position_inv	297
/education/educational_degree/people_with_this_degree./education/education/student	298
/education/educational_degree/people_with_this_degree./education/education/student_inv	299
/film/film/executive_produced_by	300
/film/film/executive_produced_by_inv	301
/dataworld/gardening_hint/split_to	302
/dataworld/gardening_hint/split_to_inv	303
/tv/tv_personality/tv_regular_appearances./tv/tv_regular_personal_appearance/program	304
/tv/tv_personality/tv_regular_appearances./tv/tv_regular_personal_appearance/program_inv	305
/sports/sports_team/colors	306
/sports/sports_team/colors_inv	307
/base/popstra/location/vacationers./base/popstra/vacation_choice/vacationer	308
/base/popstra/location/vacationers./base/popstra/vacation_choice/vacationer_inv	309
/people/person/spouse_s./people/marriage/spouse	310
/people/person/spouse_s./people/marriage/spouse_inv	311
/government/legislative_session/members./government/government_position_held/district_represented	312
/government/legislative_session/members./government/government_position_held/district_represented_inv	313
/location/statistical_region/religions./location/religion_percentage/religion	314
/location/statistical_region/religions./location/religion_percentage/religion_inv	315
/music/artist/contribution./music/recording_contribution/performance_role	316
/music/artist/contribution./music/recording_contribution/performance_role_inv	317
/music/performance_role/track_performances./music/track_contribution/role	318
/music/performance_role/track_performances./music/track_contribution/role_inv	319
/tv/tv_network/programs./tv/tv_network_duration/program	320
/tv/tv_network/programs./tv/tv_network_duration/program_inv	321
/tv/tv_producer/programs_produced./tv/tv_producer_term/program	322
/tv/tv_producer/programs_produced./tv/tv_producer_term/program_inv	323
/people/person/employment_history./business/employment_tenure/company	324
/people/person/employment_history./business/employment_tenure/company_inv	325
/people/profession/specialization_of	326
/people/profession/specialization_of_inv	327
/award/award_ceremony/awards_presented./award/award_honor/honored_for	328
/award/award_ceremony/awards_presented./award/award_honor/honored_for_inv	329
/people/person/spouse_s./people/marriage/location_of_ceremony	330
/people/person/spouse_s./people/marriage/location_of_ceremony_inv	331
/location/country/second_level_divisions	332
/location/country/second_level_divisions_inv	333
/base/biblioness/bibs_location/state	334
/base/biblioness/bibs_location/state_inv	335
/government/politician/government_positions_held./government/government_position_held/legislative_sessions	336
/government/politician/government_positions_held./government/government_position_held/legislative_sessions_inv	337
/location/statistical_region/places_exported_to./location/imports_and_exports/exported_to	338
/location/statistical_region/places_exported_to./location/imports_and_exports/exported_to_inv	339
/film/film/film_festivals	340
/film/film/film_festivals_inv	341
/film/film/other_crew./film/film_crew_gig/crewmember	342
/film/film/other_crew./film/film_crew_gig/crewmember_inv	343
/soccer/football_player/current_team./sports/sports_team_roster/team	344
/soccer/football_player/current_team./sports/sports_team_roster/team_inv	345
/user/alexander/philosophy/philosopher/interests	346
/user/alexander/philosophy/philosopher/interests_inv	347
/base/marchmadness/ncaa_basketball_tournament/seeds./base/marchmadness/ncaa_tournament_seed/team	348
/base/marchmadness/ncaa_basketball_tournament/seeds./base/marchmadness/ncaa_tournament_seed/team_inv	349
/film/film/distributors./film/film_film_distributor_relationship/region	350
/film/film/distributors./film/film_film_distributor_relationship/region_inv	351
/location/administrative_division/country	352
/location/administrative_division/country_inv	353
/people/marriage_union_type/unions_of_this_type./people/marriage/location_of_ceremony	354
/people/marriage_union_type/unions_of_this_type./people/marriage/location_of_ceremony_inv	355
/time/event/instance_of_recurring_event	356
/time/event/instance_of_recurring_event_inv	357
/user/jg/default_domain/olympic_games/sports	358
/user/jg/default_domain/olympic_games/sports_inv	359
/travel/travel_destination/how_to_get_here./travel/transportation/mode_of_transportation	360
/travel/travel_destination/how_to_get_here./travel/transportation/mode_of_transportation_inv	361
/location/country/capital	362
/location/country/capital_inv	363
/award/ranked_item/appears_in_ranked_lists./award/ranking/list	364
/award/ranked_item/appears_in_ranked_lists./award/ranking/list_inv	365
/education/university/domestic_tuition./measurement_unit/dated_money_value/currency	366
/education/university/domestic_tuition./measurement_unit/dated_money_value/currency_inv	367
/business/business_operation/revenue./measurement_unit/dated_money_value/currency	368
/business/business_operation/revenue./measurement_unit/dated_money_value/currency_inv	369
/film/film/film_format	370
/film/film/film_format_inv	371
/tv/tv_program/tv_producer./tv/tv_producer_term/producer_type	372
/tv/tv_program/tv_producer./tv/tv_producer_term/producer_type_inv	373
/olympics/olympic_participating_country/medals_won./olympics/olympic_medal_honor/olympics	374
/olympics/olympic_participating_country/medals_won./olympics/olympic_medal_honor/olympics_inv	375
/film/film/personal_appearances./film/personal_film_appearance/person	376
/film/film/personal_appearances./film/personal_film_appearance/person_inv	377
/ice_hockey/hockey_team/current_roster./sports/sports_team_roster/position	378
/ice_hockey/hockey_team/current_roster./sports/sports_team_roster/position_inv	379
/base/schemastaging/organization_extra/phone_number./base/schemastaging/phone_sandbox/contact_category	380
/base/schemastaging/organization_extra/phone_number./base/schemastaging/phone_sandbox/contact_category_inv	381
/location/capital_of_administrative_division/capital_of./location/administrative_division_capital_relationship/administrative_division	382
/location/capital_of_administrative_division/capital_of./location/administrative_division_capital_relationship/administrative_division_inv	383
/broadcast/content/artist	384
/broadcast/content/artist_inv	385
/medicine/disease/notable_people_with_this_condition	386
/medicine/disease/notable_people_with_this_condition_inv	387
/music/performance_role/guest_performances./music/recording_contribution/performance_role	388
/music/performance_role/guest_performances./music/recording_contribution/performance_role_inv	389
/olympics/olympic_games/sports	390
/olympics/olympic_games/sports_inv	391
/location/hud_county_place/county	392
/location/hud_county_place/county_inv	393
/location/us_county/county_seat	394
/location/us_county/county_seat_inv	395
/music/group_member/membership./music/group_membership/role	396
/music/group_member/membership./music/group_membership/role_inv	397
/base/aareas/schema/administrative_area/administrative_area_type	398
/base/aareas/schema/administrative_area/administrative_area_type_inv	399
/sports/professional_sports_team/draft_picks./sports/sports_league_draft_pick/school	400
/sports/professional_sports_team/draft_picks./sports/sports_league_draft_pick/school_inv	401
/organization/organization/place_founded	402
/organization/organization/place_founded_inv	403
/music/group_member/membership./music/group_membership/group	404
/music/group_member/membership./music/group_membership/group_inv	405
/american_football/football_team/current_roster./sports/sports_team_roster/position	406
/american_football/football_team/current_roster./sports/sports_team_roster/position_inv	407
/base/schemastaging/organization_extra/phone_number./base/schemastaging/phone_sandbox/service_language	408
/base/schemastaging/organization_extra/phone_number./base/schemastaging/phone_sandbox/service_language_inv	409
/film/film/edited_by	410
/film/film/edited_by_inv	411
/sports/sports_league/teams./sports/sports_league_participation/team	412
/sports/sports_league/teams./sports/sports_league_participation/team_inv	413
/film/film/dubbing_performances./film/dubbing_performance/actor	414
/film/film/dubbing_performances./film/dubbing_performance/actor_inv	415
/film/actor/film./film/performance/special_performance_type	416
/film/actor/film./film/performance/special_performance_type_inv	417
/olympics/olympic_games/medals_awarded./olympics/olympic_medal_honor/medal	418
/olympics/olympic_games/medals_awarded./olympics/olympic_medal_honor/medal_inv	419
/base/x2010fifaworldcupsouthafrica/world_cup_squad/current_world_cup_squad./base/x2010fifaworldcupsouthafrica/current_world_cup_squad/current_club	420
/base/x2010fifaworldcupsouthafrica/world_cup_squad/current_world_cup_squad./base/x2010fifaworldcupsouthafrica/current_world_cup_squad/current_club_inv	421
/education/university/fraternities_and_sororities	422
/education/university/fraternities_and_sororities_inv	423
/base/aareas/schema/administrative_area/capital	424
/base/aareas/schema/administrative_area/capital_inv	425
/sports/sports_position/players./american_football/football_historical_roster_position/position_s	426
/sports/sports_position/players./american_football/football_historical_roster_position/position_s_inv	427
/government/political_party/politicians_in_this_party./government/political_party_tenure/politician	428
/government/political_party/politicians_in_this_party./government/political_party_tenure/politician_inv	429
/award/award_winning_work/awards_won./award/award_honor/honored_for	430
/award/award_winning_work/awards_won./award/award_honor/honored_for_inv	431
/film/special_film_performance_type/film_performance_type./film/performance/film	432
/film/special_film_performance_type/film_performance_type./film/performance/film_inv	433
/location/statistical_region/gdp_nominal_per_capita./measurement_unit/dated_money_value/currency	434
/location/statistical_region/gdp_nominal_per_capita./measurement_unit/dated_money_value/currency_inv	435
/travel/travel_destination/climate./travel/travel_destination_monthly_climate/month	436
/travel/travel_destination/climate./travel/travel_destination_monthly_climate/month_inv	437
/base/eating/practicer_of_diet/diet	438
/base/eating/practicer_of_diet/diet_inv	439
/education/university/international_tuition./measurement_unit/dated_money_value/currency	440
/education/university/international_tuition./measurement_unit/dated_money_value/currency_inv	441
/base/americancomedy/celebrity_impressionist/celebrities_impersonated	442
/base/americancomedy/celebrity_impressionist/celebrities_impersonated_inv	443
/food/food/nutrients./food/nutrition_fact/nutrient	444
/food/food/nutrients./food/nutrition_fact/nutrient_inv	445
/sports/sports_team/roster./baseball/baseball_roster_position/position	446
/sports/sports_team/roster./baseball/baseball_roster_position/position_inv	447
/sports/sport/pro_athletes./sports/pro_sports_played/athlete	448
/sports/sport/pro_athletes./sports/pro_sports_played/athlete_inv	449
/film/person_or_entity_appearing_in_film/films./film/personal_film_appearance/type_of_appearance	450
/film/person_or_entity_appearing_in_film/films./film/personal_film_appearance/type_of_appearance_inv	451
/user/ktrueman/default_domain/international_organization/member_states	452
/user/ktrueman/default_domain/international_organization/member_states_inv	453
/location/statistical_region/gdp_real./measurement_unit/adjusted_money_value/adjustment_currency	454
/location/statistical_region/gdp_real./measurement_unit/adjusted_money_value/adjustment_currency_inv	455
/base/popstra/celebrity/breakup./base/popstra/breakup/participant	456
/base/popstra/celebrity/breakup./base/popstra/breakup/participant_inv	457
/baseball/baseball_team/team_stats./baseball/baseball_team_stats/season	458
/baseball/baseball_team/team_stats./baseball/baseball_team_stats/season_inv	459
/people/person/sibling_s./people/sibling_relationship/sibling	460
/people/person/sibling_s./people/sibling_relationship/sibling_inv	461
/film/actor/dubbing_performances./film/dubbing_performance/language	462
/film/actor/dubbing_performances./film/dubbing_performance/language_inv	463
/government/governmental_body/members./government/government_position_held/legislative_sessions	464
/government/governmental_body/members./government/government_position_held/legislative_sessions_inv	465
/olympics/olympic_participating_country/medals_won./olympics/olympic_medal_honor/medal	466
/olympics/olympic_participating_country/medals_won./olympics/olympic_medal_honor/medal_inv	467
/base/locations/continents/countries_within	468
/base/locations/continents/countries_within_inv	469
/sports/sports_position/players./sports/sports_team_roster/position	470
/sports/sports_position/players./sports/sports_team_roster/position_inv	471
/base/saturdaynightlive/snl_cast_member/seasons./base/saturdaynightlive/snl_season_tenure/cast_members	472
/base/saturdaynightlive/snl_cast_member/seasons./base/saturdaynightlive/snl_season_tenure/cast_members_inv	473
